<?xml version = '1.0' encoding = 'UTF-8'?>
<Table class="oracle.dbtools.crest.model.design.relational.Table" directorySegmentName="seg_0" id="2A2C08F0-1BC2-516F-D55C-27F496D573E9" name="Orden_Servicio">
<createdBy>sd</createdBy>
<createdTime>2024-09-17 00:22:25 UTC</createdTime>
<generatorID>782875F4-78E9-B0D0-7302-21460CD57A48</generatorID>
<ownerDesignName>EXP2_S6_Cesar_lynch..</ownerDesignName>
<allowColumnReorder>false</allowColumnReorder>
<existDependencyGenerateInDDl>true</existDependencyGenerateInDDl>
<parsed>true</parsed>
<columns itemClass="oracle.dbtools.crest.model.design.relational.Column">
<Column name="ID_Orden" id="865193C7-5FCF-9D00-6833-5D6A5BFB99B7">
<createdBy>sd</createdBy>
<createdTime>2024-09-17 00:22:25 UTC</createdTime>
<generatorID>28655ECA-4DBC-E552-1B38-B81ECB8E8260</generatorID>
<ownerDesignName>EXP2_S6_Cesar_lynch..</ownerDesignName>
<useDomainConstraints>false</useDomainConstraints>
<use>1</use>
<logicalDatatype>LOGDT024</logicalDatatype>
<dataTypeSize>100 CHAR</dataTypeSize>
<ownDataTypeParameters>100 CHAR,,</ownDataTypeParameters>
<autoIncrementCycle>false</autoIncrementCycle>
</Column>
<Column name="Fecha" id="1AF34EFF-8099-1772-7439-D87456E58790">
<createdBy>sd</createdBy>
<createdTime>2024-09-17 00:22:25 UTC</createdTime>
<generatorID>2E828B84-21A9-38EF-E0D1-05B3F945C9A5</generatorID>
<ownerDesignName>EXP2_S6_Cesar_lynch..</ownerDesignName>
<useDomainConstraints>false</useDomainConstraints>
<use>1</use>
<logicalDatatype>LOGDT007</logicalDatatype>
<ownDataTypeParameters>,,</ownDataTypeParameters>
<autoIncrementCycle>false</autoIncrementCycle>
</Column>
<Column name="Descripcion" id="FF578359-5706-0186-8DD5-25209E3A9DD0">
<createdBy>sd</createdBy>
<createdTime>2024-09-17 00:22:25 UTC</createdTime>
<generatorID>B17570A0-AB99-E9CF-AD55-F316E8D0ED79</generatorID>
<ownerDesignName>EXP2_S6_Cesar_lynch..</ownerDesignName>
<useDomainConstraints>false</useDomainConstraints>
<use>1</use>
<logicalDatatype>LOGDT024</logicalDatatype>
<dataTypeSize>100 CHAR</dataTypeSize>
<ownDataTypeParameters>100 CHAR,,</ownDataTypeParameters>
<autoIncrementCycle>false</autoIncrementCycle>
</Column>
<Column name="Costo" id="2A3E3D66-5360-9767-452F-DC6CC654B531">
<createdBy>sd</createdBy>
<createdTime>2024-09-17 00:22:25 UTC</createdTime>
<generatorID>B72D175F-DC4E-723B-E985-4D7803324D0B</generatorID>
<ownerDesignName>EXP2_S6_Cesar_lynch..</ownerDesignName>
<useDomainConstraints>false</useDomainConstraints>
<use>1</use>
<logicalDatatype>LOGDT019</logicalDatatype>
<ownDataTypeParameters>,,</ownDataTypeParameters>
<autoIncrementCycle>false</autoIncrementCycle>
</Column>
<Column name="Estado" id="222B4877-0193-92D4-6068-D8A641F5D615">
<createdBy>sd</createdBy>
<createdTime>2024-09-17 00:22:25 UTC</createdTime>
<generatorID>7D63E01F-9E15-33A3-F6A3-7A5DE3141EF3</generatorID>
<ownerDesignName>EXP2_S6_Cesar_lynch..</ownerDesignName>
<useDomainConstraints>false</useDomainConstraints>
<use>1</use>
<logicalDatatype>LOGDT024</logicalDatatype>
<dataTypeSize>100 CHAR</dataTypeSize>
<ownDataTypeParameters>100 CHAR,,</ownDataTypeParameters>
<autoIncrementCycle>false</autoIncrementCycle>
</Column>
<Column name="Fecha_Entrega" id="12EEFF64-CD24-8C49-EC71-8E05A3F74085">
<createdBy>sd</createdBy>
<createdTime>2024-09-17 00:22:25 UTC</createdTime>
<generatorID>42A0B806-28AE-0CAB-E97F-0B11522FAE45</generatorID>
<ownerDesignName>EXP2_S6_Cesar_lynch..</ownerDesignName>
<useDomainConstraints>false</useDomainConstraints>
<use>1</use>
<logicalDatatype>LOGDT007</logicalDatatype>
<ownDataTypeParameters>,,</ownDataTypeParameters>
<autoIncrementCycle>false</autoIncrementCycle>
</Column>
<Column name="Cliente_ID_Cliente" id="FB3E5A18-EE7C-47F0-65D1-00F12AEB9CF5">
<createdBy>sd</createdBy>
<createdTime>2024-09-17 00:22:25 UTC</createdTime>
<generatorID>410BB9C7-7797-A74F-87F4-EA4C79B89FF7</generatorID>
<ownerDesignName>EXP2_S6_Cesar_lynch..</ownerDesignName>
<useDomainConstraints>false</useDomainConstraints>
<use>1</use>
<logicalDatatype>LOGDT024</logicalDatatype>
<dataTypeSize>100 CHAR</dataTypeSize>
<ownDataTypeParameters>,,</ownDataTypeParameters>
<previousColumn>false</previousColumn>
<autoIncrementCycle>false</autoIncrementCycle>
<associations>
<colAssociation fkAssociation="3E73342B-CC21-9D4B-EF47-F161BE3C3070" referredColumn="B9F62B27-BAE4-F313-F9D2-09CD1C12DF70"/>
</associations>
</Column>
<Column name="Vehiculo_ID_Vehiculo" id="C48D5D80-4AB2-C894-42FD-AE3BE22D716B">
<createdBy>sd</createdBy>
<createdTime>2024-09-17 00:22:25 UTC</createdTime>
<generatorID>5E9AF136-1E97-651F-B5A1-645322DF21FD</generatorID>
<ownerDesignName>EXP2_S6_Cesar_lynch..</ownerDesignName>
<useDomainConstraints>false</useDomainConstraints>
<use>1</use>
<logicalDatatype>LOGDT024</logicalDatatype>
<dataTypeSize>100 CHAR</dataTypeSize>
<ownDataTypeParameters>,,</ownDataTypeParameters>
<previousColumn>false</previousColumn>
<autoIncrementCycle>false</autoIncrementCycle>
<associations>
<colAssociation fkAssociation="CD815ECD-A234-100E-B45A-0B30DCF2D875" referredColumn="25F28931-9F75-ECD3-BF7E-4D38560E05BF"/>
</associations>
</Column>
</columns>
<indexes itemClass="oracle.dbtools.crest.model.design.relational.Index">
<ind_PK_UK id="9EADAA15-507E-C1D6-F53F-88D737B11039" name="Orden_Servicio_PK">
<createdBy>sd</createdBy>
<createdTime>2024-09-17 00:22:25 UTC</createdTime>
<generatorID>303D4EA9-3944-E223-0734-F0D222770034</generatorID>
<ownerDesignName>EXP2_S6_Cesar_lynch..</ownerDesignName>
<pk>true</pk>
<indexState>Primary Constraint</indexState>
<isSurrogateKey>false</isSurrogateKey>
<indexColumnUsage>
<colUsage columnID="865193C7-5FCF-9D00-6833-5D6A5BFB99B7"/>
</indexColumnUsage>
</ind_PK_UK>
<ind_PK_UK id="306091FE-C6BD-99AA-F358-FE83ACA04AB0" name="Orden_Servicio_Cliente_FK">
<createdBy>sd</createdBy>
<createdTime>2024-09-17 00:22:25 UTC</createdTime>
<generatorID>749E3FAE-5BFD-150F-016A-13CBF12B660F</generatorID>
<ownerDesignName>EXP2_S6_Cesar_lynch..</ownerDesignName>
<indexState>Foreign Key</indexState>
<isSurrogateKey>false</isSurrogateKey>
<indexColumnUsage>
<colUsage columnID="FB3E5A18-EE7C-47F0-65D1-00F12AEB9CF5"/>
</indexColumnUsage>
</ind_PK_UK>
<ind_PK_UK id="A4739972-75B5-66E7-49CD-664C74DE05CB" name="Orden_Servicio_Vehiculo_FK">
<createdBy>sd</createdBy>
<createdTime>2024-09-17 00:22:25 UTC</createdTime>
<generatorID>FEC29C66-E5F3-F0B3-6EE4-35695FDD6DD2</generatorID>
<ownerDesignName>EXP2_S6_Cesar_lynch..</ownerDesignName>
<indexState>Foreign Key</indexState>
<isSurrogateKey>false</isSurrogateKey>
<indexColumnUsage>
<colUsage columnID="C48D5D80-4AB2-C894-42FD-AE3BE22D716B"/>
</indexColumnUsage>
</ind_PK_UK>
</indexes>
</Table>