<?xml version = '1.0' encoding = 'UTF-8'?>
<Table class="oracle.dbtools.crest.model.design.relational.Table" directorySegmentName="seg_0" id="4E993EA3-F62B-F6EA-368D-7BFB80C836B3" name="Orden_Repuestos">
<createdBy>sd</createdBy>
<createdTime>2024-09-17 00:22:25 UTC</createdTime>
<generatorID>DFF4FB40-B7BA-8EDB-84C3-034564CD0672</generatorID>
<ownerDesignName>EXP2_S6_Cesar_lynch..</ownerDesignName>
<allowColumnReorder>false</allowColumnReorder>
<existDependencyGenerateInDDl>true</existDependencyGenerateInDDl>
<parsed>true</parsed>
<columns itemClass="oracle.dbtools.crest.model.design.relational.Column">
<Column name="Cantidad" id="1B434781-F96C-D765-FE57-653988F7D0A1">
<createdBy>sd</createdBy>
<createdTime>2024-09-17 00:22:25 UTC</createdTime>
<generatorID>3CA0FD7D-0BB1-4447-9F19-A78F9D44EE73</generatorID>
<ownerDesignName>EXP2_S6_Cesar_lynch..</ownerDesignName>
<useDomainConstraints>false</useDomainConstraints>
<use>1</use>
<logicalDatatype>LOGDT019</logicalDatatype>
<ownDataTypeParameters>,,</ownDataTypeParameters>
<autoIncrementCycle>false</autoIncrementCycle>
</Column>
<Column name="Costo" id="17EC8536-DC4F-A48E-4B5A-760D73AFA8D6">
<createdBy>sd</createdBy>
<createdTime>2024-09-17 00:22:25 UTC</createdTime>
<generatorID>2ECD74EC-F7A0-8137-C951-AFEF914743CF</generatorID>
<ownerDesignName>EXP2_S6_Cesar_lynch..</ownerDesignName>
<useDomainConstraints>false</useDomainConstraints>
<use>1</use>
<logicalDatatype>LOGDT019</logicalDatatype>
<ownDataTypeParameters>,,</ownDataTypeParameters>
<autoIncrementCycle>false</autoIncrementCycle>
</Column>
<Column name="Orden_Servicio_ID_Orden" id="02B1055E-52BC-DFE4-748B-6CAB251DD605">
<createdBy>sd</createdBy>
<createdTime>2024-09-17 00:22:25 UTC</createdTime>
<generatorID>600F2D0A-00D6-4365-7C2A-293DF31AEEAA</generatorID>
<ownerDesignName>EXP2_S6_Cesar_lynch..</ownerDesignName>
<useDomainConstraints>false</useDomainConstraints>
<use>1</use>
<logicalDatatype>LOGDT024</logicalDatatype>
<dataTypeSize>100 CHAR</dataTypeSize>
<ownDataTypeParameters>,,</ownDataTypeParameters>
<previousColumn>false</previousColumn>
<autoIncrementCycle>false</autoIncrementCycle>
<associations>
<colAssociation fkAssociation="523EC8AC-C3D1-E058-A752-6DB20208429F" referredColumn="865193C7-5FCF-9D00-6833-5D6A5BFB99B7"/>
</associations>
</Column>
<Column name="Repuestos_ID_Repuesto" id="41F89FF6-828D-0129-8B6B-C3DB9EC6DD13">
<createdBy>sd</createdBy>
<createdTime>2024-09-17 00:22:25 UTC</createdTime>
<generatorID>24618133-BB75-EEFF-F4F7-9593462D5781</generatorID>
<ownerDesignName>EXP2_S6_Cesar_lynch..</ownerDesignName>
<useDomainConstraints>false</useDomainConstraints>
<use>1</use>
<logicalDatatype>LOGDT024</logicalDatatype>
<dataTypeSize>100 CHAR</dataTypeSize>
<ownDataTypeParameters>,,</ownDataTypeParameters>
<previousColumn>false</previousColumn>
<autoIncrementCycle>false</autoIncrementCycle>
<associations>
<colAssociation fkAssociation="33459D10-9384-DAAC-4D86-8255294BA740" referredColumn="558D5BDE-CF6F-8A38-D21F-E26540B722F9"/>
</associations>
</Column>
</columns>
<indexes itemClass="oracle.dbtools.crest.model.design.relational.Index">
<ind_PK_UK id="48DD1CD9-655A-9576-5B61-FCDC390607AA" name="Orden_Repuestos_Orden_Servicio_FK">
<createdBy>sd</createdBy>
<createdTime>2024-09-17 00:22:25 UTC</createdTime>
<generatorID>B15E5A36-B7CF-0CEB-C9A9-A078FD965BE2</generatorID>
<ownerDesignName>EXP2_S6_Cesar_lynch..</ownerDesignName>
<indexState>Foreign Key</indexState>
<isSurrogateKey>false</isSurrogateKey>
<indexColumnUsage>
<colUsage columnID="02B1055E-52BC-DFE4-748B-6CAB251DD605"/>
</indexColumnUsage>
</ind_PK_UK>
<ind_PK_UK id="716F3577-BD9A-481B-EC4A-9220DEE864F9" name="Orden_Repuestos_Repuestos_FK">
<createdBy>sd</createdBy>
<createdTime>2024-09-17 00:22:25 UTC</createdTime>
<generatorID>2D1A458C-665D-6EA0-9580-2E3F8F6BECE9</generatorID>
<ownerDesignName>EXP2_S6_Cesar_lynch..</ownerDesignName>
<indexState>Foreign Key</indexState>
<isSurrogateKey>false</isSurrogateKey>
<indexColumnUsage>
<colUsage columnID="41F89FF6-828D-0129-8B6B-C3DB9EC6DD13"/>
</indexColumnUsage>
</ind_PK_UK>
</indexes>
</Table>