<?xml version = '1.0' encoding = 'UTF-8'?>
<Table class="oracle.dbtools.crest.model.design.relational.Table" directorySegmentName="seg_0" id="697124A7-5C53-D40B-B149-ACF7E853DA94" name="Vehiculo">
<createdBy>sd</createdBy>
<createdTime>2024-09-17 00:22:25 UTC</createdTime>
<generatorID>4349E033-87F6-7825-33CD-96CFDC5945C9</generatorID>
<ownerDesignName>EXP2_S6_Cesar_lynch..</ownerDesignName>
<allowColumnReorder>false</allowColumnReorder>
<existDependencyGenerateInDDl>true</existDependencyGenerateInDDl>
<parsed>true</parsed>
<columns itemClass="oracle.dbtools.crest.model.design.relational.Column">
<Column name="ID_Vehiculo" id="25F28931-9F75-ECD3-BF7E-4D38560E05BF">
<createdBy>sd</createdBy>
<createdTime>2024-09-17 00:22:25 UTC</createdTime>
<generatorID>4AE74162-294F-C7AE-7726-9B322F674A57</generatorID>
<ownerDesignName>EXP2_S6_Cesar_lynch..</ownerDesignName>
<useDomainConstraints>false</useDomainConstraints>
<use>1</use>
<logicalDatatype>LOGDT024</logicalDatatype>
<dataTypeSize>100 CHAR</dataTypeSize>
<ownDataTypeParameters>100 CHAR,,</ownDataTypeParameters>
<autoIncrementCycle>false</autoIncrementCycle>
</Column>
<Column name="Numero_Patente" id="A705D9CD-6420-FEDA-4460-DB036592CBE6">
<createdBy>sd</createdBy>
<createdTime>2024-09-17 00:22:25 UTC</createdTime>
<generatorID>CABECD39-5AE4-6132-ED59-E58543A01D61</generatorID>
<ownerDesignName>EXP2_S6_Cesar_lynch..</ownerDesignName>
<useDomainConstraints>false</useDomainConstraints>
<use>1</use>
<logicalDatatype>LOGDT024</logicalDatatype>
<dataTypeSize>100 CHAR</dataTypeSize>
<ownDataTypeParameters>100 CHAR,,</ownDataTypeParameters>
<autoIncrementCycle>false</autoIncrementCycle>
</Column>
<Column name="Marca" id="44705BB7-81C5-07ED-96EC-3B31B38C8CE8">
<createdBy>sd</createdBy>
<createdTime>2024-09-17 00:22:25 UTC</createdTime>
<generatorID>A819FFF9-7615-956E-D9DD-6E01C7C00FD0</generatorID>
<ownerDesignName>EXP2_S6_Cesar_lynch..</ownerDesignName>
<useDomainConstraints>false</useDomainConstraints>
<use>1</use>
<logicalDatatype>LOGDT024</logicalDatatype>
<dataTypeSize>100 CHAR</dataTypeSize>
<ownDataTypeParameters>100 CHAR,,</ownDataTypeParameters>
<autoIncrementCycle>false</autoIncrementCycle>
</Column>
<Column name="Modelo" id="774E6868-EDF0-AAFA-A81E-B62A6B3E5DBB">
<createdBy>sd</createdBy>
<createdTime>2024-09-17 00:22:25 UTC</createdTime>
<generatorID>8E72E700-0FB5-4E43-03E9-40A38B402215</generatorID>
<ownerDesignName>EXP2_S6_Cesar_lynch..</ownerDesignName>
<useDomainConstraints>false</useDomainConstraints>
<use>1</use>
<logicalDatatype>LOGDT024</logicalDatatype>
<dataTypeSize>100 CHAR</dataTypeSize>
<ownDataTypeParameters>100 CHAR,,</ownDataTypeParameters>
<autoIncrementCycle>false</autoIncrementCycle>
</Column>
<Column name="Año" id="3A832844-C434-DC27-61ED-936BE4A7A46D">
<createdBy>sd</createdBy>
<createdTime>2024-09-17 00:22:25 UTC</createdTime>
<generatorID>7EEE91C0-B9D8-DB48-1E12-0162EEC37552</generatorID>
<ownerDesignName>EXP2_S6_Cesar_lynch..</ownerDesignName>
<useDomainConstraints>false</useDomainConstraints>
<use>1</use>
<logicalDatatype>LOGDT019</logicalDatatype>
<ownDataTypeParameters>,,</ownDataTypeParameters>
<autoIncrementCycle>false</autoIncrementCycle>
</Column>
<Column name="Cliente_ID_Cliente" id="85760BD3-6D6B-DFC9-DE4E-BE84D522E558">
<createdBy>sd</createdBy>
<createdTime>2024-09-17 00:22:25 UTC</createdTime>
<generatorID>3F6828A6-4B09-F438-E22B-B382CEC6F2AF</generatorID>
<ownerDesignName>EXP2_S6_Cesar_lynch..</ownerDesignName>
<useDomainConstraints>false</useDomainConstraints>
<use>1</use>
<logicalDatatype>LOGDT024</logicalDatatype>
<dataTypeSize>100 CHAR</dataTypeSize>
<ownDataTypeParameters>,,</ownDataTypeParameters>
<previousColumn>false</previousColumn>
<autoIncrementCycle>false</autoIncrementCycle>
<associations>
<colAssociation fkAssociation="A7F7009F-117C-39BE-155E-755B19745B3B" referredColumn="B9F62B27-BAE4-F313-F9D2-09CD1C12DF70"/>
</associations>
</Column>
</columns>
<indexes itemClass="oracle.dbtools.crest.model.design.relational.Index">
<ind_PK_UK id="8A32F62D-C8E7-6206-516E-CCC65EA6564F" name="Vehiculo_PK">
<createdBy>sd</createdBy>
<createdTime>2024-09-17 00:22:25 UTC</createdTime>
<generatorID>3B5939CD-988C-7CA7-47F7-FF43B0BCE2E0</generatorID>
<ownerDesignName>EXP2_S6_Cesar_lynch..</ownerDesignName>
<pk>true</pk>
<indexState>Primary Constraint</indexState>
<isSurrogateKey>false</isSurrogateKey>
<indexColumnUsage>
<colUsage columnID="25F28931-9F75-ECD3-BF7E-4D38560E05BF"/>
</indexColumnUsage>
</ind_PK_UK>
<ind_PK_UK id="46DB7F95-2C8D-757D-7F4A-8F3E9A6C6430" name="Vehiculo_Cliente_FK">
<createdBy>sd</createdBy>
<createdTime>2024-09-17 00:22:25 UTC</createdTime>
<generatorID>8BA15279-2D5D-ECCE-FABC-24CF336FC2B5</generatorID>
<ownerDesignName>EXP2_S6_Cesar_lynch..</ownerDesignName>
<indexState>Foreign Key</indexState>
<isSurrogateKey>false</isSurrogateKey>
<indexColumnUsage>
<colUsage columnID="85760BD3-6D6B-DFC9-DE4E-BE84D522E558"/>
</indexColumnUsage>
</ind_PK_UK>
</indexes>
</Table>