<?xml version = '1.0' encoding = 'UTF-8'?>
<Table class="oracle.dbtools.crest.model.design.relational.Table" directorySegmentName="seg_0" id="AE6F5FC5-010B-24F7-E491-E78CAC7A79F1" name="Cliente">
<createdBy>sd</createdBy>
<createdTime>2024-09-17 00:22:24 UTC</createdTime>
<generatorID>DA6827A9-CFD4-7C69-DA48-E95284EDF1E6</generatorID>
<ownerDesignName>EXP2_S6_Cesar_lynch..</ownerDesignName>
<allowColumnReorder>false</allowColumnReorder>
<existDependencyGenerateInDDl>true</existDependencyGenerateInDDl>
<parsed>true</parsed>
<columns itemClass="oracle.dbtools.crest.model.design.relational.Column">
<Column name="ID_Cliente" id="B9F62B27-BAE4-F313-F9D2-09CD1C12DF70">
<createdBy>sd</createdBy>
<createdTime>2024-09-17 00:22:25 UTC</createdTime>
<generatorID>A935B901-6B6D-4A15-54D2-4579A77E4DC0</generatorID>
<ownerDesignName>EXP2_S6_Cesar_lynch..</ownerDesignName>
<useDomainConstraints>false</useDomainConstraints>
<use>1</use>
<logicalDatatype>LOGDT024</logicalDatatype>
<dataTypeSize>100 CHAR</dataTypeSize>
<ownDataTypeParameters>100 CHAR,,</ownDataTypeParameters>
<autoIncrementCycle>false</autoIncrementCycle>
</Column>
<Column name="Primer_nombre" id="2EA3D89C-2F9C-D640-6367-9A41A48FA99E">
<createdBy>sd</createdBy>
<createdTime>2024-09-17 00:22:25 UTC</createdTime>
<generatorID>5FA9E82F-80AA-934E-D9CA-9D85F956B493</generatorID>
<ownerDesignName>EXP2_S6_Cesar_lynch..</ownerDesignName>
<useDomainConstraints>false</useDomainConstraints>
<use>1</use>
<logicalDatatype>LOGDT024</logicalDatatype>
<dataTypeSize>100 CHAR</dataTypeSize>
<ownDataTypeParameters>100 CHAR,,</ownDataTypeParameters>
<autoIncrementCycle>false</autoIncrementCycle>
</Column>
<Column name="Segundo_Nombre" id="E4DA6806-B5E1-31E2-BA5C-F1CC3CB61941">
<createdBy>sd</createdBy>
<createdTime>2024-09-17 00:22:25 UTC</createdTime>
<generatorID>772A24EB-F1E4-BF41-8651-5B1C296780EB</generatorID>
<ownerDesignName>EXP2_S6_Cesar_lynch..</ownerDesignName>
<nullsAllowed>true</nullsAllowed>
<useDomainConstraints>false</useDomainConstraints>
<use>1</use>
<logicalDatatype>LOGDT024</logicalDatatype>
<dataTypeSize>100 CHAR</dataTypeSize>
<ownDataTypeParameters>100 CHAR,,</ownDataTypeParameters>
<autoIncrementCycle>false</autoIncrementCycle>
</Column>
<Column name="Apellido" id="190F7891-B658-0B04-606B-34E3B08DD19B">
<createdBy>sd</createdBy>
<createdTime>2024-09-17 00:22:25 UTC</createdTime>
<generatorID>8FCA3CBA-8277-6C34-7156-78C32ADF78BF</generatorID>
<ownerDesignName>EXP2_S6_Cesar_lynch..</ownerDesignName>
<useDomainConstraints>false</useDomainConstraints>
<use>1</use>
<logicalDatatype>LOGDT024</logicalDatatype>
<dataTypeSize>100 CHAR</dataTypeSize>
<ownDataTypeParameters>100 CHAR,,</ownDataTypeParameters>
<autoIncrementCycle>false</autoIncrementCycle>
</Column>
<Column name="Telefono" id="21651148-9BA6-A8C8-A014-915FF782A06E">
<createdBy>sd</createdBy>
<createdTime>2024-09-17 00:22:25 UTC</createdTime>
<generatorID>7880C859-7898-754A-8BDB-CD1A645748EB</generatorID>
<ownerDesignName>EXP2_S6_Cesar_lynch..</ownerDesignName>
<useDomainConstraints>false</useDomainConstraints>
<use>1</use>
<logicalDatatype>LOGDT019</logicalDatatype>
<ownDataTypeParameters>,,</ownDataTypeParameters>
<autoIncrementCycle>false</autoIncrementCycle>
</Column>
<Column name="Email" id="1B189A3D-66B8-E1F8-A49D-D9D1ABB3B20D">
<createdBy>sd</createdBy>
<createdTime>2024-09-17 00:22:25 UTC</createdTime>
<generatorID>932FC962-0DE0-C593-7429-85A8BF178C8C</generatorID>
<ownerDesignName>EXP2_S6_Cesar_lynch..</ownerDesignName>
<nullsAllowed>true</nullsAllowed>
<useDomainConstraints>false</useDomainConstraints>
<use>1</use>
<logicalDatatype>LOGDT024</logicalDatatype>
<dataTypeSize>100 CHAR</dataTypeSize>
<ownDataTypeParameters>100 CHAR,,</ownDataTypeParameters>
<autoIncrementCycle>false</autoIncrementCycle>
</Column>
<Column name="Fecha_Registro" id="24A23743-961E-9B31-5408-449047F604ED">
<createdBy>sd</createdBy>
<createdTime>2024-09-17 00:22:25 UTC</createdTime>
<generatorID>331F23F7-6825-4926-D48A-1AC0F72FB178</generatorID>
<ownerDesignName>EXP2_S6_Cesar_lynch..</ownerDesignName>
<useDomainConstraints>false</useDomainConstraints>
<use>1</use>
<logicalDatatype>LOGDT007</logicalDatatype>
<ownDataTypeParameters>,,</ownDataTypeParameters>
<autoIncrementCycle>false</autoIncrementCycle>
</Column>
</columns>
<indexes itemClass="oracle.dbtools.crest.model.design.relational.Index">
<ind_PK_UK id="8777949A-4E27-7F71-B489-ED17D0EEDCA4" name="Cliente_PK">
<createdBy>sd</createdBy>
<createdTime>2024-09-17 00:22:25 UTC</createdTime>
<generatorID>94D98664-F280-7474-8ED0-1D9DACE81C31</generatorID>
<ownerDesignName>EXP2_S6_Cesar_lynch..</ownerDesignName>
<pk>true</pk>
<indexState>Primary Constraint</indexState>
<isSurrogateKey>false</isSurrogateKey>
<indexColumnUsage>
<colUsage columnID="B9F62B27-BAE4-F313-F9D2-09CD1C12DF70"/>
</indexColumnUsage>
</ind_PK_UK>
</indexes>
</Table>