<?xml version = '1.0' encoding = 'UTF-8'?>
<Table class="oracle.dbtools.crest.model.design.relational.Table" directorySegmentName="seg_0" id="F9F90EA2-FB6F-7AD0-E41C-DF0E6803C4D4" name="Repuestos">
<createdBy>sd</createdBy>
<createdTime>2024-09-17 00:22:25 UTC</createdTime>
<generatorID>B1323962-2990-5C49-5D28-CE43FE8958B6</generatorID>
<ownerDesignName>EXP2_S6_Cesar_lynch..</ownerDesignName>
<allowColumnReorder>false</allowColumnReorder>
<existDependencyGenerateInDDl>true</existDependencyGenerateInDDl>
<parsed>true</parsed>
<columns itemClass="oracle.dbtools.crest.model.design.relational.Column">
<Column name="ID_Repuesto" id="558D5BDE-CF6F-8A38-D21F-E26540B722F9">
<createdBy>sd</createdBy>
<createdTime>2024-09-17 00:22:25 UTC</createdTime>
<generatorID>4E5C1323-1204-AD83-9E0D-ABF7B52EBC89</generatorID>
<ownerDesignName>EXP2_S6_Cesar_lynch..</ownerDesignName>
<useDomainConstraints>false</useDomainConstraints>
<use>1</use>
<logicalDatatype>LOGDT024</logicalDatatype>
<dataTypeSize>100 CHAR</dataTypeSize>
<ownDataTypeParameters>100 CHAR,,</ownDataTypeParameters>
<autoIncrementCycle>false</autoIncrementCycle>
</Column>
<Column name="Descripcion" id="FAECEBCB-65A1-EC9F-D4A0-30E61BEFBE4A">
<createdBy>sd</createdBy>
<createdTime>2024-09-17 00:22:25 UTC</createdTime>
<generatorID>E2E997AE-B430-C120-8B92-A74415AA2C60</generatorID>
<ownerDesignName>EXP2_S6_Cesar_lynch..</ownerDesignName>
<useDomainConstraints>false</useDomainConstraints>
<use>1</use>
<logicalDatatype>LOGDT024</logicalDatatype>
<dataTypeSize>100 CHAR</dataTypeSize>
<ownDataTypeParameters>100 CHAR,,</ownDataTypeParameters>
<autoIncrementCycle>false</autoIncrementCycle>
</Column>
<Column name="Precio" id="288DC023-22E4-CD39-043F-009D30C22205">
<createdBy>sd</createdBy>
<createdTime>2024-09-17 00:22:25 UTC</createdTime>
<generatorID>C164B1C7-3671-16F9-CA96-A6E63AAD9C3F</generatorID>
<ownerDesignName>EXP2_S6_Cesar_lynch..</ownerDesignName>
<useDomainConstraints>false</useDomainConstraints>
<use>1</use>
<logicalDatatype>LOGDT019</logicalDatatype>
<ownDataTypeParameters>,,</ownDataTypeParameters>
<autoIncrementCycle>false</autoIncrementCycle>
</Column>
<Column name="Stock" id="5C0F0ABD-34E4-1938-2F09-2EBF8F1B6E1C">
<createdBy>sd</createdBy>
<createdTime>2024-09-17 00:22:25 UTC</createdTime>
<generatorID>955447D9-BB68-747A-F7F0-14FF82B5C5B9</generatorID>
<ownerDesignName>EXP2_S6_Cesar_lynch..</ownerDesignName>
<useDomainConstraints>false</useDomainConstraints>
<use>1</use>
<logicalDatatype>LOGDT019</logicalDatatype>
<ownDataTypeParameters>,,</ownDataTypeParameters>
<autoIncrementCycle>false</autoIncrementCycle>
</Column>
<Column name="Proveedor" id="47F739D5-CF22-0C35-8512-3CDD7C3759E9">
<createdBy>sd</createdBy>
<createdTime>2024-09-17 00:22:25 UTC</createdTime>
<generatorID>778044C9-F808-4DEE-F30F-B75FF4051030</generatorID>
<ownerDesignName>EXP2_S6_Cesar_lynch..</ownerDesignName>
<useDomainConstraints>false</useDomainConstraints>
<use>1</use>
<logicalDatatype>LOGDT024</logicalDatatype>
<dataTypeSize>100 BYTE</dataTypeSize>
<ownDataTypeParameters>100 BYTE,,</ownDataTypeParameters>
<autoIncrementCycle>false</autoIncrementCycle>
</Column>
<Column name="Categoria" id="09659846-FB6E-B2DE-8E8D-5E60DC02441D">
<createdBy>sd</createdBy>
<createdTime>2024-09-17 00:22:25 UTC</createdTime>
<generatorID>F6518973-D8E4-7957-249E-A5FB3CBEE3CD</generatorID>
<ownerDesignName>EXP2_S6_Cesar_lynch..</ownerDesignName>
<nullsAllowed>true</nullsAllowed>
<useDomainConstraints>false</useDomainConstraints>
<use>1</use>
<logicalDatatype>LOGDT024</logicalDatatype>
<dataTypeSize>100 CHAR</dataTypeSize>
<ownDataTypeParameters>100 CHAR,,</ownDataTypeParameters>
<autoIncrementCycle>false</autoIncrementCycle>
</Column>
</columns>
<indexes itemClass="oracle.dbtools.crest.model.design.relational.Index">
<ind_PK_UK id="954DBC7D-68A7-DD2E-C057-0B33DFFDC036" name="Repuestos_PK">
<createdBy>sd</createdBy>
<createdTime>2024-09-17 00:22:25 UTC</createdTime>
<generatorID>E7B9ED79-36F4-66AC-2CE5-61A67687F2DA</generatorID>
<ownerDesignName>EXP2_S6_Cesar_lynch..</ownerDesignName>
<pk>true</pk>
<indexState>Primary Constraint</indexState>
<isSurrogateKey>false</isSurrogateKey>
<indexColumnUsage>
<colUsage columnID="558D5BDE-CF6F-8A38-D21F-E26540B722F9"/>
</indexColumnUsage>
</ind_PK_UK>
</indexes>
</Table>