<?xml version = '1.0' encoding = 'UTF-8'?>
<Diagram class="oracle.dbtools.crest.swingui.relational.DPVRelational" name="Relational_1" id="CB45C9B5-C726-374E-154B-43A41F1ED4F9">
<createdBy>sd</createdBy>
<modifiedBy>sd</modifiedBy>
<createdTime>2024-09-17 00:22:24 UTC</createdTime>
<autoRoute>false</autoRoute>
<boxInbox>true</boxInbox>
<showLegend>false</showLegend>
<showLabels>false</showLabels>
<showRelAttributes>false</showRelAttributes>
<gridEnabled>false</gridEnabled>
<showGrid>false</showGrid>
<diagramColor>-1</diagramColor>
<display>false</display>
<notation>1</notation>
<objectViews>
<OView class="oracle.dbtools.crest.swingui.relational.TVTable" oid="2A2C08F0-1BC2-516F-D55C-27F496D573E9" otype="Table" vid="4E6BDEA8-76B2-0BA6-F22C-FC9D608F5FFE">
<hideElementsInCurrentOnly>false</hideElementsInCurrentOnly>
<bounds x="235" y="304" width="133" height="206"/>
</OView>
<OView class="oracle.dbtools.crest.swingui.relational.TVTable" oid="4E993EA3-F62B-F6EA-368D-7BFB80C836B3" otype="Table" vid="736819D1-7CA2-883C-0F8C-F0054CC30B78">
<hideElementsInCurrentOnly>false</hideElementsInCurrentOnly>
<bounds x="526" y="359" width="137" height="138"/>
</OView>
<OView class="oracle.dbtools.crest.swingui.relational.TVTable" oid="697124A7-5C53-D40B-B149-ACF7E853DA94" otype="Table" vid="D1593112-2A7A-782F-F52F-894424637D39">
<hideElementsInCurrentOnly>false</hideElementsInCurrentOnly>
<bounds x="407" y="17" width="115" height="161"/>
</OView>
<OView class="oracle.dbtools.crest.swingui.relational.TVTable" oid="AE6F5FC5-010B-24F7-E491-E78CAC7A79F1" otype="Table" vid="2FDB1BCB-3C94-C1CF-CFB4-4546EA399760">
<hideElementsInCurrentOnly>false</hideElementsInCurrentOnly>
<bounds x="45" y="31" width="115" height="177"/>
</OView>
<OView class="oracle.dbtools.crest.swingui.relational.TVTable" oid="F9F90EA2-FB6F-7AD0-E41C-DF0E6803C4D4" otype="Table" vid="A45390CA-AD79-1DF7-DD6F-A21BC80E2CDF">
<hideElementsInCurrentOnly>false</hideElementsInCurrentOnly>
<bounds x="588" y="27" width="136" height="186"/>
</OView>
</objectViews>
<connectors>
<Connector class="oracle.dbtools.crest.swingui.relational.TVFKRelation" oid="33459D10-9384-DAAC-4D86-8255294BA740" otype="FKIndexAssociation" vid_source="A45390CA-AD79-1DF7-DD6F-A21BC80E2CDF" vid_target="736819D1-7CA2-883C-0F8C-F0054CC30B78">
<hideElementsInCurrentOnly>false</hideElementsInCurrentOnly>
<backgroundColor>-16777216</backgroundColor>
<lineWidth>1</lineWidth>
<points>
<point x="625" y="213"/>
<point x="625" y="359"/>
</points>
</Connector>
<Connector class="oracle.dbtools.crest.swingui.relational.TVFKRelation" oid="3E73342B-CC21-9D4B-EF47-F161BE3C3070" otype="FKIndexAssociation" vid_source="2FDB1BCB-3C94-C1CF-CFB4-4546EA399760" vid_target="4E6BDEA8-76B2-0BA6-F22C-FC9D608F5FFE">
<hideElementsInCurrentOnly>false</hideElementsInCurrentOnly>
<backgroundColor>-16777216</backgroundColor>
<lineWidth>1</lineWidth>
<points>
<point x="160" y="202"/>
<point x="235" y="310"/>
</points>
</Connector>
<Connector class="oracle.dbtools.crest.swingui.relational.TVFKRelation" oid="523EC8AC-C3D1-E058-A752-6DB20208429F" otype="FKIndexAssociation" vid_source="4E6BDEA8-76B2-0BA6-F22C-FC9D608F5FFE" vid_target="736819D1-7CA2-883C-0F8C-F0054CC30B78">
<hideElementsInCurrentOnly>false</hideElementsInCurrentOnly>
<backgroundColor>-16777216</backgroundColor>
<lineWidth>1</lineWidth>
<points>
<point x="368" y="428"/>
<point x="526" y="428"/>
</points>
</Connector>
<Connector class="oracle.dbtools.crest.swingui.relational.TVFKRelation" oid="A7F7009F-117C-39BE-155E-755B19745B3B" otype="FKIndexAssociation" vid_source="2FDB1BCB-3C94-C1CF-CFB4-4546EA399760" vid_target="D1593112-2A7A-782F-F52F-894424637D39">
<hideElementsInCurrentOnly>false</hideElementsInCurrentOnly>
<backgroundColor>-16777216</backgroundColor>
<lineWidth>1</lineWidth>
<points>
<point x="160" y="89"/>
<point x="407" y="89"/>
</points>
</Connector>
<Connector class="oracle.dbtools.crest.swingui.relational.TVFKRelation" oid="CD815ECD-A234-100E-B45A-0B30DCF2D875" otype="FKIndexAssociation" vid_source="D1593112-2A7A-782F-F52F-894424637D39" vid_target="4E6BDEA8-76B2-0BA6-F22C-FC9D608F5FFE">
<hideElementsInCurrentOnly>false</hideElementsInCurrentOnly>
<backgroundColor>-16777216</backgroundColor>
<lineWidth>1</lineWidth>
<points>
<point x="422" y="178"/>
<point x="355" y="304"/>
</points>
</Connector>
</connectors>
</Diagram>