<?xml version = '1.0' encoding = 'UTF-8'?>
<Relation class="oracle.dbtools.crest.model.design.logical.Relation" name="RELACION5" directorySegmentName="seg_0" id="2D1A458C-665D-6EA0-9580-2E3F8F6BECE9">
<createdBy>sd</createdBy>
<createdTime>2024-09-17 00:18:05 UTC</createdTime>
<ownerDesignName>EXP2_S6_Cesar_lynch..</ownerDesignName>
<engineerTo>
<item key="FF64CD1A-A5A2-ADEB-5A13-8A4B04D25262" value="true"/>
</engineerTo>
<sourcePk>E7B9ED79-36F4-66AC-2CE5-61A67687F2DA</sourcePk>
<identifying>false</identifying>
<optionalSource>true</optionalSource>
<optionalTarget>false</optionalTarget>
<sourceCardinality>1</sourceCardinality>
<sourceEntity>B1323962-2990-5C49-5D28-CE43FE8958B6</sourceEntity>
<targetCardinalityString>*</targetCardinalityString>
<targetEntity>DFF4FB40-B7BA-8EDB-84C3-034564CD0672</targetEntity>
<transferable>true</transferable>
<deleteRule>NO ACTION</deleteRule>
</Relation>