<?xml version = '1.0' encoding = 'UTF-8'?>
<Relation class="oracle.dbtools.crest.model.design.logical.Relation" name="RELACION2" directorySegmentName="seg_0" id="749E3FAE-5BFD-150F-016A-13CBF12B660F">
<createdBy>sd</createdBy>
<createdTime>2024-09-17 00:14:49 UTC</createdTime>
<ownerDesignName>EXP2_S6_Cesar_lynch..</ownerDesignName>
<engineerTo>
<item key="FF64CD1A-A5A2-ADEB-5A13-8A4B04D25262" value="true"/>
</engineerTo>
<sourcePk>94D98664-F280-7474-8ED0-1D9DACE81C31</sourcePk>
<targetPk>303D4EA9-3944-E223-0734-F0D222770034</targetPk>
<identifying>false</identifying>
<optionalSource>true</optionalSource>
<optionalTarget>false</optionalTarget>
<sourceCardinality>1</sourceCardinality>
<sourceEntity>DA6827A9-CFD4-7C69-DA48-E95284EDF1E6</sourceEntity>
<targetCardinalityString>*</targetCardinalityString>
<targetEntity>782875F4-78E9-B0D0-7302-21460CD57A48</targetEntity>
<transferable>true</transferable>
<deleteRule>NO ACTION</deleteRule>
</Relation>