<?xml version = '1.0' encoding = 'UTF-8'?>
<Relation class="oracle.dbtools.crest.model.design.logical.Relation" name="RELACION1" directorySegmentName="seg_0" id="8BA15279-2D5D-ECCE-FABC-24CF336FC2B5">
<createdBy>sd</createdBy>
<createdTime>2024-09-17 00:13:21 UTC</createdTime>
<ownerDesignName>EXP2_S6_Cesar_lynch..</ownerDesignName>
<engineerTo>
<item key="FF64CD1A-A5A2-ADEB-5A13-8A4B04D25262" value="true"/>
</engineerTo>
<sourcePk>94D98664-F280-7474-8ED0-1D9DACE81C31</sourcePk>
<targetPk>3B5939CD-988C-7CA7-47F7-FF43B0BCE2E0</targetPk>
<identifying>false</identifying>
<optionalSource>true</optionalSource>
<optionalTarget>false</optionalTarget>
<sourceCardinality>1</sourceCardinality>
<sourceEntity>DA6827A9-CFD4-7C69-DA48-E95284EDF1E6</sourceEntity>
<targetCardinalityString>*</targetCardinalityString>
<targetEntity>4349E033-87F6-7825-33CD-96CFDC5945C9</targetEntity>
<transferable>true</transferable>
<deleteRule>NO ACTION</deleteRule>
</Relation>