<?xml version = '1.0' encoding = 'UTF-8'?>
<Relation class="oracle.dbtools.crest.model.design.logical.Relation" name="RELACION4" directorySegmentName="seg_0" id="B15E5A36-B7CF-0CEB-C9A9-A078FD965BE2">
<createdBy>sd</createdBy>
<createdTime>2024-09-17 00:17:05 UTC</createdTime>
<ownerDesignName>EXP2_S6_Cesar_lynch..</ownerDesignName>
<engineerTo>
<item key="FF64CD1A-A5A2-ADEB-5A13-8A4B04D25262" value="true"/>
</engineerTo>
<sourcePk>303D4EA9-3944-E223-0734-F0D222770034</sourcePk>
<identifying>false</identifying>
<optionalSource>true</optionalSource>
<optionalTarget>false</optionalTarget>
<sourceCardinality>1</sourceCardinality>
<sourceEntity>782875F4-78E9-B0D0-7302-21460CD57A48</sourceEntity>
<targetCardinalityString>*</targetCardinalityString>
<targetEntity>DFF4FB40-B7BA-8EDB-84C3-034564CD0672</targetEntity>
<transferable>true</transferable>
<deleteRule>NO ACTION</deleteRule>
</Relation>