<?xml version = '1.0' encoding = 'UTF-8'?>
<Relation class="oracle.dbtools.crest.model.design.logical.Relation" name="RELACION3" directorySegmentName="seg_0" id="FEC29C66-E5F3-F0B3-6EE4-35695FDD6DD2">
<createdBy>sd</createdBy>
<createdTime>2024-09-17 00:15:46 UTC</createdTime>
<ownerDesignName>EXP2_S6_Cesar_lynch..</ownerDesignName>
<engineerTo>
<item key="FF64CD1A-A5A2-ADEB-5A13-8A4B04D25262" value="true"/>
</engineerTo>
<sourcePk>3B5939CD-988C-7CA7-47F7-FF43B0BCE2E0</sourcePk>
<targetPk>303D4EA9-3944-E223-0734-F0D222770034</targetPk>
<identifying>false</identifying>
<optionalSource>true</optionalSource>
<optionalTarget>false</optionalTarget>
<sourceCardinality>1</sourceCardinality>
<sourceEntity>4349E033-87F6-7825-33CD-96CFDC5945C9</sourceEntity>
<targetCardinalityString>*</targetCardinalityString>
<targetEntity>782875F4-78E9-B0D0-7302-21460CD57A48</targetEntity>
<transferable>true</transferable>
<deleteRule>NO ACTION</deleteRule>
</Relation>