<?xml version = '1.0' encoding = 'UTF-8'?>
<relationalModel class="oracle.dbtools.crest.model.design.relational.RelationalDesign" name="Relational_1" id="FF64CD1A-A5A2-ADEB-5A13-8A4B04D25262" mainViewID="CB45C9B5-C726-374E-154B-43A41F1ED4F9">
<createdBy>sd</createdBy>
<createdTime>2024-09-16 22:32:14 UTC</createdTime>
<ownerDesignName>EXP2_S6_Cesar_lynch..</ownerDesignName>
<shouldBeOpen>false</shouldBeOpen>
<selectedRDBMSSite>32076570-2523-435C-2E92-BF29817DFF70</selectedRDBMSSite>
</relationalModel>