<?xml version = '1.0' encoding = 'UTF-8'?>
<Entity class="oracle.dbtools.crest.model.design.logical.Entity" directorySegmentName="seg_0" id="4349E033-87F6-7825-33CD-96CFDC5945C9" name="Vehiculo">
<createdBy>sd</createdBy>
<createdTime>2024-09-16 23:58:30 UTC</createdTime>
<ownerDesignName>EXP2_S6_Cesar_lynch..</ownerDesignName>
<engineerTo>
<item key="FF64CD1A-A5A2-ADEB-5A13-8A4B04D25262" value="true"/>
</engineerTo>
<adequatelyNormalized>NO</adequatelyNormalized>
<expectedVolumes>0</expectedVolumes>
<fwdEngineeringStrategyName>Single Table</fwdEngineeringStrategyName>
<growthPercent>0</growthPercent>
<growthType>Year</growthType>
<maxVolumes>9999999</maxVolumes>
<minVolumes>0</minVolumes>
<normalForm>Third</normalForm>
<attributes itemClass="oracle.dbtools.crest.model.design.logical.Attribute">
<Attribute name="ID_Vehiculo" id="4AE74162-294F-C7AE-7726-9B322F674A57">
<createdBy>sd</createdBy>
<createdTime>2024-09-16 23:59:39 UTC</createdTime>
<ownerDesignName>EXP2_S6_Cesar_lynch..</ownerDesignName>
<engineerTo>
<item key="FF64CD1A-A5A2-ADEB-5A13-8A4B04D25262" value="true"/>
</engineerTo>
<useDomainConstraints>false</useDomainConstraints>
<use>1</use>
<logicalDatatype>LOGDT024</logicalDatatype>
<dataTypeSize>100 CHAR</dataTypeSize>
<ownDataTypeParameters>100 CHAR,,</ownDataTypeParameters>
</Attribute>
<Attribute name="Numero_Patente" id="CABECD39-5AE4-6132-ED59-E58543A01D61">
<createdBy>sd</createdBy>
<createdTime>2024-09-16 23:59:40 UTC</createdTime>
<ownerDesignName>EXP2_S6_Cesar_lynch..</ownerDesignName>
<engineerTo>
<item key="FF64CD1A-A5A2-ADEB-5A13-8A4B04D25262" value="true"/>
</engineerTo>
<useDomainConstraints>false</useDomainConstraints>
<use>1</use>
<logicalDatatype>LOGDT024</logicalDatatype>
<dataTypeSize>100 CHAR</dataTypeSize>
<ownDataTypeParameters>100 CHAR,,</ownDataTypeParameters>
</Attribute>
<Attribute name="Marca" id="A819FFF9-7615-956E-D9DD-6E01C7C00FD0">
<createdBy>sd</createdBy>
<createdTime>2024-09-16 23:59:40 UTC</createdTime>
<ownerDesignName>EXP2_S6_Cesar_lynch..</ownerDesignName>
<engineerTo>
<item key="FF64CD1A-A5A2-ADEB-5A13-8A4B04D25262" value="true"/>
</engineerTo>
<useDomainConstraints>false</useDomainConstraints>
<use>1</use>
<logicalDatatype>LOGDT024</logicalDatatype>
<dataTypeSize>100 CHAR</dataTypeSize>
<ownDataTypeParameters>100 CHAR,,</ownDataTypeParameters>
</Attribute>
<Attribute name="Modelo" id="8E72E700-0FB5-4E43-03E9-40A38B402215">
<createdBy>sd</createdBy>
<createdTime>2024-09-16 23:59:41 UTC</createdTime>
<ownerDesignName>EXP2_S6_Cesar_lynch..</ownerDesignName>
<engineerTo>
<item key="FF64CD1A-A5A2-ADEB-5A13-8A4B04D25262" value="true"/>
</engineerTo>
<useDomainConstraints>false</useDomainConstraints>
<use>1</use>
<logicalDatatype>LOGDT024</logicalDatatype>
<dataTypeSize>100 CHAR</dataTypeSize>
<ownDataTypeParameters>100 CHAR,,</ownDataTypeParameters>
</Attribute>
<Attribute name="Año" id="7EEE91C0-B9D8-DB48-1E12-0162EEC37552">
<createdBy>sd</createdBy>
<createdTime>2024-09-16 23:59:41 UTC</createdTime>
<ownerDesignName>EXP2_S6_Cesar_lynch..</ownerDesignName>
<engineerTo>
<item key="FF64CD1A-A5A2-ADEB-5A13-8A4B04D25262" value="true"/>
</engineerTo>
<useDomainConstraints>false</useDomainConstraints>
<use>1</use>
<logicalDatatype>LOGDT019</logicalDatatype>
<ownDataTypeParameters>,,</ownDataTypeParameters>
</Attribute>
<Attribute name="ID_Cliente" id="3F6828A6-4B09-F438-E22B-B382CEC6F2AF">
<createdBy>sd</createdBy>
<createdTime>2024-09-17 00:13:21 UTC</createdTime>
<generatorID>8BA15279-2D5D-ECCE-FABC-24CF336FC2B5</generatorID>
<ownerDesignName>EXP2_S6_Cesar_lynch..</ownerDesignName>
<engineerTo>
<item key="FF64CD1A-A5A2-ADEB-5A13-8A4B04D25262" value="true"/>
</engineerTo>
<referedAttribute>A935B901-6B6D-4A15-54D2-4579A77E4DC0</referedAttribute>
<useDomainConstraints>false</useDomainConstraints>
<use>1</use>
<logicalDatatype>LOGDT024</logicalDatatype>
<dataTypeSize>100 CHAR</dataTypeSize>
<ownDataTypeParameters>,,</ownDataTypeParameters>
</Attribute>
</attributes>
<identifiers itemClass="oracle.dbtools.crest.model.design.logical.CandidateKey">
<identifier id="3B5939CD-988C-7CA7-47F7-FF43B0BCE2E0" name="Vehiculo PK">
<createdBy>sd</createdBy>
<createdTime>2024-09-17 00:00:24 UTC</createdTime>
<ownerDesignName>EXP2_S6_Cesar_lynch..</ownerDesignName>
<engineerTo>
<item key="FF64CD1A-A5A2-ADEB-5A13-8A4B04D25262" value="true"/>
</engineerTo>
<pk>true</pk>
<usedAttributes>
<attributeRef>4AE74162-294F-C7AE-7726-9B322F674A57</attributeRef>
</usedAttributes>
</identifier>
</identifiers>
</Entity>