<?xml version = '1.0' encoding = 'UTF-8'?>
<Entity class="oracle.dbtools.crest.model.design.logical.Entity" directorySegmentName="seg_0" id="DA6827A9-CFD4-7C69-DA48-E95284EDF1E6" name="Cliente">
<createdBy>sd</createdBy>
<createdTime>2024-09-16 23:41:21 UTC</createdTime>
<ownerDesignName>EXP2_S6_Cesar_lynch..</ownerDesignName>
<engineerTo>
<item key="FF64CD1A-A5A2-ADEB-5A13-8A4B04D25262" value="true"/>
</engineerTo>
<adequatelyNormalized>NO</adequatelyNormalized>
<expectedVolumes>0</expectedVolumes>
<fwdEngineeringStrategyName>Single Table</fwdEngineeringStrategyName>
<growthPercent>0</growthPercent>
<growthType>Year</growthType>
<maxVolumes>9999999</maxVolumes>
<minVolumes>0</minVolumes>
<normalForm>Third</normalForm>
<attributes itemClass="oracle.dbtools.crest.model.design.logical.Attribute">
<Attribute name="ID_Cliente" id="A935B901-6B6D-4A15-54D2-4579A77E4DC0">
<createdBy>sd</createdBy>
<createdTime>2024-09-16 23:42:31 UTC</createdTime>
<ownerDesignName>EXP2_S6_Cesar_lynch..</ownerDesignName>
<engineerTo>
<item key="FF64CD1A-A5A2-ADEB-5A13-8A4B04D25262" value="true"/>
</engineerTo>
<useDomainConstraints>false</useDomainConstraints>
<use>1</use>
<logicalDatatype>LOGDT024</logicalDatatype>
<dataTypeSize>100 CHAR</dataTypeSize>
<ownDataTypeParameters>100 CHAR,,</ownDataTypeParameters>
</Attribute>
<Attribute name="Primer_nombre" id="5FA9E82F-80AA-934E-D9CA-9D85F956B493">
<createdBy>sd</createdBy>
<createdTime>2024-09-16 23:42:31 UTC</createdTime>
<ownerDesignName>EXP2_S6_Cesar_lynch..</ownerDesignName>
<engineerTo>
<item key="FF64CD1A-A5A2-ADEB-5A13-8A4B04D25262" value="true"/>
</engineerTo>
<useDomainConstraints>false</useDomainConstraints>
<use>1</use>
<logicalDatatype>LOGDT024</logicalDatatype>
<dataTypeSize>100 CHAR</dataTypeSize>
<ownDataTypeParameters>100 CHAR,,</ownDataTypeParameters>
</Attribute>
<Attribute name="Segundo_Nombre" id="772A24EB-F1E4-BF41-8651-5B1C296780EB">
<createdBy>sd</createdBy>
<createdTime>2024-09-16 23:42:32 UTC</createdTime>
<ownerDesignName>EXP2_S6_Cesar_lynch..</ownerDesignName>
<engineerTo>
<item key="FF64CD1A-A5A2-ADEB-5A13-8A4B04D25262" value="true"/>
</engineerTo>
<nullsAllowed>true</nullsAllowed>
<useDomainConstraints>false</useDomainConstraints>
<use>1</use>
<logicalDatatype>LOGDT024</logicalDatatype>
<dataTypeSize>100 CHAR</dataTypeSize>
<ownDataTypeParameters>100 CHAR,,</ownDataTypeParameters>
</Attribute>
<Attribute name="Apellido" id="8FCA3CBA-8277-6C34-7156-78C32ADF78BF">
<createdBy>sd</createdBy>
<createdTime>2024-09-16 23:42:32 UTC</createdTime>
<ownerDesignName>EXP2_S6_Cesar_lynch..</ownerDesignName>
<engineerTo>
<item key="FF64CD1A-A5A2-ADEB-5A13-8A4B04D25262" value="true"/>
</engineerTo>
<useDomainConstraints>false</useDomainConstraints>
<use>1</use>
<logicalDatatype>LOGDT024</logicalDatatype>
<dataTypeSize>100 CHAR</dataTypeSize>
<ownDataTypeParameters>100 CHAR,,</ownDataTypeParameters>
</Attribute>
<Attribute name="Telefono" id="7880C859-7898-754A-8BDB-CD1A645748EB">
<createdBy>sd</createdBy>
<createdTime>2024-09-16 23:42:32 UTC</createdTime>
<ownerDesignName>EXP2_S6_Cesar_lynch..</ownerDesignName>
<engineerTo>
<item key="FF64CD1A-A5A2-ADEB-5A13-8A4B04D25262" value="true"/>
</engineerTo>
<useDomainConstraints>false</useDomainConstraints>
<use>1</use>
<logicalDatatype>LOGDT019</logicalDatatype>
<ownDataTypeParameters>,,</ownDataTypeParameters>
</Attribute>
<Attribute name="Email" id="932FC962-0DE0-C593-7429-85A8BF178C8C">
<createdBy>sd</createdBy>
<createdTime>2024-09-16 23:42:33 UTC</createdTime>
<ownerDesignName>EXP2_S6_Cesar_lynch..</ownerDesignName>
<engineerTo>
<item key="FF64CD1A-A5A2-ADEB-5A13-8A4B04D25262" value="true"/>
</engineerTo>
<nullsAllowed>true</nullsAllowed>
<useDomainConstraints>false</useDomainConstraints>
<use>1</use>
<logicalDatatype>LOGDT024</logicalDatatype>
<dataTypeSize>100 CHAR</dataTypeSize>
<ownDataTypeParameters>100 CHAR,,</ownDataTypeParameters>
</Attribute>
<Attribute name="Fecha_Registro" id="331F23F7-6825-4926-D48A-1AC0F72FB178">
<createdBy>sd</createdBy>
<createdTime>2024-09-16 23:42:33 UTC</createdTime>
<ownerDesignName>EXP2_S6_Cesar_lynch..</ownerDesignName>
<engineerTo>
<item key="FF64CD1A-A5A2-ADEB-5A13-8A4B04D25262" value="true"/>
</engineerTo>
<useDomainConstraints>false</useDomainConstraints>
<use>1</use>
<logicalDatatype>LOGDT007</logicalDatatype>
<ownDataTypeParameters>,,</ownDataTypeParameters>
</Attribute>
</attributes>
<identifiers itemClass="oracle.dbtools.crest.model.design.logical.CandidateKey">
<identifier id="94D98664-F280-7474-8ED0-1D9DACE81C31" name="Cliente PK">
<createdBy>sd</createdBy>
<createdTime>2024-09-16 23:44:20 UTC</createdTime>
<ownerDesignName>EXP2_S6_Cesar_lynch..</ownerDesignName>
<engineerTo>
<item key="FF64CD1A-A5A2-ADEB-5A13-8A4B04D25262" value="true"/>
</engineerTo>
<pk>true</pk>
<usedAttributes>
<attributeRef>A935B901-6B6D-4A15-54D2-4579A77E4DC0</attributeRef>
</usedAttributes>
</identifier>
</identifiers>
</Entity>