<?xml version = '1.0' encoding = 'UTF-8'?>
<Entity class="oracle.dbtools.crest.model.design.logical.Entity" directorySegmentName="seg_0" id="DFF4FB40-B7BA-8EDB-84C3-034564CD0672" name="Orden_Repuestos">
<createdBy>sd</createdBy>
<createdTime>2024-09-17 00:11:17 UTC</createdTime>
<ownerDesignName>EXP2_S6_Cesar_lynch..</ownerDesignName>
<engineerTo>
<item key="FF64CD1A-A5A2-ADEB-5A13-8A4B04D25262" value="true"/>
</engineerTo>
<adequatelyNormalized>NO</adequatelyNormalized>
<expectedVolumes>0</expectedVolumes>
<fwdEngineeringStrategyName>Single Table</fwdEngineeringStrategyName>
<growthPercent>0</growthPercent>
<growthType>Year</growthType>
<maxVolumes>9999999</maxVolumes>
<minVolumes>0</minVolumes>
<normalForm>Third</normalForm>
<attributes itemClass="oracle.dbtools.crest.model.design.logical.Attribute">
<Attribute name="Cantidad" id="3CA0FD7D-0BB1-4447-9F19-A78F9D44EE73">
<createdBy>sd</createdBy>
<createdTime>2024-09-17 00:11:40 UTC</createdTime>
<ownerDesignName>EXP2_S6_Cesar_lynch..</ownerDesignName>
<engineerTo>
<item key="FF64CD1A-A5A2-ADEB-5A13-8A4B04D25262" value="true"/>
</engineerTo>
<useDomainConstraints>false</useDomainConstraints>
<use>1</use>
<logicalDatatype>LOGDT019</logicalDatatype>
<ownDataTypeParameters>,,</ownDataTypeParameters>
</Attribute>
<Attribute name="Costo" id="2ECD74EC-F7A0-8137-C951-AFEF914743CF">
<createdBy>sd</createdBy>
<createdTime>2024-09-17 00:11:40 UTC</createdTime>
<ownerDesignName>EXP2_S6_Cesar_lynch..</ownerDesignName>
<engineerTo>
<item key="FF64CD1A-A5A2-ADEB-5A13-8A4B04D25262" value="true"/>
</engineerTo>
<useDomainConstraints>false</useDomainConstraints>
<use>1</use>
<logicalDatatype>LOGDT019</logicalDatatype>
<ownDataTypeParameters>,,</ownDataTypeParameters>
</Attribute>
<Attribute name="ID_Orden" id="600F2D0A-00D6-4365-7C2A-293DF31AEEAA">
<createdBy>sd</createdBy>
<createdTime>2024-09-17 00:17:05 UTC</createdTime>
<generatorID>B15E5A36-B7CF-0CEB-C9A9-A078FD965BE2</generatorID>
<ownerDesignName>EXP2_S6_Cesar_lynch..</ownerDesignName>
<engineerTo>
<item key="FF64CD1A-A5A2-ADEB-5A13-8A4B04D25262" value="true"/>
</engineerTo>
<referedAttribute>28655ECA-4DBC-E552-1B38-B81ECB8E8260</referedAttribute>
<useDomainConstraints>false</useDomainConstraints>
<use>1</use>
<logicalDatatype>LOGDT024</logicalDatatype>
<dataTypeSize>100 CHAR</dataTypeSize>
<ownDataTypeParameters>,,</ownDataTypeParameters>
</Attribute>
<Attribute name="ID_Repuesto" id="24618133-BB75-EEFF-F4F7-9593462D5781">
<createdBy>sd</createdBy>
<createdTime>2024-09-17 00:18:05 UTC</createdTime>
<generatorID>2D1A458C-665D-6EA0-9580-2E3F8F6BECE9</generatorID>
<ownerDesignName>EXP2_S6_Cesar_lynch..</ownerDesignName>
<engineerTo>
<item key="FF64CD1A-A5A2-ADEB-5A13-8A4B04D25262" value="true"/>
</engineerTo>
<referedAttribute>4E5C1323-1204-AD83-9E0D-ABF7B52EBC89</referedAttribute>
<useDomainConstraints>false</useDomainConstraints>
<use>1</use>
<logicalDatatype>LOGDT024</logicalDatatype>
<dataTypeSize>100 CHAR</dataTypeSize>
<ownDataTypeParameters>,,</ownDataTypeParameters>
</Attribute>
</attributes>
</Entity>