<?xml version = '1.0' encoding = 'UTF-8'?>
<Diagram class="oracle.dbtools.crest.swingui.logical.DPVLogical" name="Logical" id="FD17279C-83BE-FC19-FBED-E5F41369009B">
<createdBy>sd</createdBy>
<modifiedBy>sd</modifiedBy>
<createdTime>2024-09-16 23:41:21 UTC</createdTime>
<autoRoute>false</autoRoute>
<boxInbox>true</boxInbox>
<showLegend>false</showLegend>
<showLabels>false</showLabels>
<showRelAttributes>false</showRelAttributes>
<gridEnabled>false</gridEnabled>
<showGrid>false</showGrid>
<diagramColor>-1</diagramColor>
<display>false</display>
<notation>1</notation>
<objectViews>
<OView class="oracle.dbtools.crest.swingui.logical.TVEntity" oid="4349E033-87F6-7825-33CD-96CFDC5945C9" otype="Entity" vid="8A1645D5-4442-54FA-68D1-FD6B421C8CA3">
<hideElementsInCurrentOnly>false</hideElementsInCurrentOnly>
<bounds x="349" y="28" width="115" height="161"/>
</OView>
<OView class="oracle.dbtools.crest.swingui.logical.TVEntity" oid="782875F4-78E9-B0D0-7302-21460CD57A48" otype="Entity" vid="96F8B436-21BE-F7FE-2687-62261B604487">
<hideElementsInCurrentOnly>false</hideElementsInCurrentOnly>
<bounds x="224" y="307" width="133" height="160"/>
</OView>
<OView class="oracle.dbtools.crest.swingui.logical.TVEntity" oid="B1323962-2990-5C49-5D28-CE43FE8958B6" otype="Entity" vid="3ED7F17F-FE55-B4C2-985C-4D0291416037">
<hideElementsInCurrentOnly>false</hideElementsInCurrentOnly>
<bounds x="588" y="27" width="136" height="186"/>
</OView>
<OView class="oracle.dbtools.crest.swingui.logical.TVEntity" oid="DA6827A9-CFD4-7C69-DA48-E95284EDF1E6" otype="Entity" vid="D9DB9890-9D96-AB76-9234-54E01797786E">
<hideElementsInCurrentOnly>false</hideElementsInCurrentOnly>
<bounds x="45" y="31" width="115" height="177"/>
</OView>
<OView class="oracle.dbtools.crest.swingui.logical.TVEntity" oid="DFF4FB40-B7BA-8EDB-84C3-034564CD0672" otype="Entity" vid="D82B9D2A-F8E2-7F37-A11A-30EF7B84DC34">
<hideElementsInCurrentOnly>false</hideElementsInCurrentOnly>
<bounds x="491" y="273" width="137" height="105"/>
</OView>
</objectViews>
<connectors>
<Connector class="oracle.dbtools.crest.swingui.logical.TVRelation" oid="2D1A458C-665D-6EA0-9580-2E3F8F6BECE9" otype="Relation" vid_source="3ED7F17F-FE55-B4C2-985C-4D0291416037" vid_target="D82B9D2A-F8E2-7F37-A11A-30EF7B84DC34">
<hideElementsInCurrentOnly>false</hideElementsInCurrentOnly>
<backgroundColor>-16777216</backgroundColor>
<lineWidth>1</lineWidth>
<points>
<point x="608" y="213"/>
<point x="608" y="273"/>
</points>
</Connector>
<Connector class="oracle.dbtools.crest.swingui.logical.TVRelation" oid="749E3FAE-5BFD-150F-016A-13CBF12B660F" otype="Relation" vid_source="D9DB9890-9D96-AB76-9234-54E01797786E" vid_target="96F8B436-21BE-F7FE-2687-62261B604487">
<hideElementsInCurrentOnly>false</hideElementsInCurrentOnly>
<backgroundColor>-16777216</backgroundColor>
<lineWidth>1</lineWidth>
<points>
<point x="160" y="201"/>
<point x="234" y="307"/>
</points>
</Connector>
<Connector class="oracle.dbtools.crest.swingui.logical.TVRelation" oid="8BA15279-2D5D-ECCE-FABC-24CF336FC2B5" otype="Relation" vid_source="D9DB9890-9D96-AB76-9234-54E01797786E" vid_target="8A1645D5-4442-54FA-68D1-FD6B421C8CA3">
<hideElementsInCurrentOnly>false</hideElementsInCurrentOnly>
<backgroundColor>-16777216</backgroundColor>
<lineWidth>1</lineWidth>
<points>
<point x="160" y="110"/>
<point x="349" y="110"/>
</points>
</Connector>
<Connector class="oracle.dbtools.crest.swingui.logical.TVRelation" oid="B15E5A36-B7CF-0CEB-C9A9-A078FD965BE2" otype="Relation" vid_source="96F8B436-21BE-F7FE-2687-62261B604487" vid_target="D82B9D2A-F8E2-7F37-A11A-30EF7B84DC34">
<hideElementsInCurrentOnly>false</hideElementsInCurrentOnly>
<backgroundColor>-16777216</backgroundColor>
<lineWidth>1</lineWidth>
<points>
<point x="357" y="342"/>
<point x="491" y="342"/>
</points>
</Connector>
<Connector class="oracle.dbtools.crest.swingui.logical.TVRelation" oid="FEC29C66-E5F3-F0B3-6EE4-35695FDD6DD2" otype="Relation" vid_source="8A1645D5-4442-54FA-68D1-FD6B421C8CA3" vid_target="96F8B436-21BE-F7FE-2687-62261B604487">
<hideElementsInCurrentOnly>false</hideElementsInCurrentOnly>
<backgroundColor>-16777216</backgroundColor>
<lineWidth>1</lineWidth>
<points>
<point x="353" y="189"/>
<point x="353" y="307"/>
</points>
</Connector>
</connectors>
</Diagram>