<?xml version = '1.0' encoding = 'UTF-8'?>
<FKIndexAssociation class="oracle.dbtools.crest.model.design.relational.FKIndexAssociation" directorySegmentName="seg_0" id="33459D10-9384-DAAC-4D86-8255294BA740" containerWithKeyObject="4E993EA3-F62B-F6EA-368D-7BFB80C836B3" localFKIndex="716F3577-BD9A-481B-EC4A-9220DEE864F9" name="Orden_Repuestos_Repuestos_FK">
<createdBy>sd</createdBy>
<createdTime>2024-09-17 00:22:25 UTC</createdTime>
<generatorID>2D1A458C-665D-6EA0-9580-2E3F8F6BECE9</generatorID>
<ownerDesignName>EXP2_S6_Cesar_lynch..</ownerDesignName>
<referredTableLongName>Repuestos</referredTableLongName>
<deleteRule>NO ACTION</deleteRule>
<referredTableID>F9F90EA2-FB6F-7AD0-E41C-DF0E6803C4D4</referredTableID>
<keyObject>954DBC7D-68A7-DD2E-C057-0B33DFFDC036</keyObject>
<referredKeyID>954DBC7D-68A7-DD2E-C057-0B33DFFDC036</referredKeyID>
<mandatory>true</mandatory>
<refColNames>ID_Repuesto</refColNames>
<transferable>true</transferable>
<rely>false</rely>
<columnDependencyConstraintGenerateInDDL>true</columnDependencyConstraintGenerateInDDL>
</FKIndexAssociation>