<?xml version = '1.0' encoding = 'UTF-8'?>
<FKIndexAssociation class="oracle.dbtools.crest.model.design.relational.FKIndexAssociation" directorySegmentName="seg_0" id="3E73342B-CC21-9D4B-EF47-F161BE3C3070" containerWithKeyObject="2A2C08F0-1BC2-516F-D55C-27F496D573E9" localFKIndex="306091FE-C6BD-99AA-F358-FE83ACA04AB0" name="Orden_Servicio_Cliente_FK">
<createdBy>sd</createdBy>
<createdTime>2024-09-17 00:22:25 UTC</createdTime>
<generatorID>749E3FAE-5BFD-150F-016A-13CBF12B660F</generatorID>
<ownerDesignName>EXP2_S6_Cesar_lynch..</ownerDesignName>
<referredTableLongName>Cliente</referredTableLongName>
<deleteRule>NO ACTION</deleteRule>
<referredTableID>AE6F5FC5-010B-24F7-E491-E78CAC7A79F1</referredTableID>
<keyObject>8777949A-4E27-7F71-B489-ED17D0EEDCA4</keyObject>
<referredKeyID>8777949A-4E27-7F71-B489-ED17D0EEDCA4</referredKeyID>
<mandatory>true</mandatory>
<refColNames>ID_Cliente</refColNames>
<transferable>true</transferable>
<rely>false</rely>
<columnDependencyConstraintGenerateInDDL>true</columnDependencyConstraintGenerateInDDL>
</FKIndexAssociation>