<?xml version = '1.0' encoding = 'UTF-8'?>
<FKIndexAssociation class="oracle.dbtools.crest.model.design.relational.FKIndexAssociation" directorySegmentName="seg_0" id="523EC8AC-C3D1-E058-A752-6DB20208429F" containerWithKeyObject="4E993EA3-F62B-F6EA-368D-7BFB80C836B3" localFKIndex="48DD1CD9-655A-9576-5B61-FCDC390607AA" name="Orden_Repuestos_Orden_Servicio_FK">
<createdBy>sd</createdBy>
<createdTime>2024-09-17 00:22:25 UTC</createdTime>
<generatorID>B15E5A36-B7CF-0CEB-C9A9-A078FD965BE2</generatorID>
<ownerDesignName>EXP2_S6_Cesar_lynch..</ownerDesignName>
<referredTableLongName>Orden_Servicio</referredTableLongName>
<deleteRule>NO ACTION</deleteRule>
<referredTableID>2A2C08F0-1BC2-516F-D55C-27F496D573E9</referredTableID>
<keyObject>9EADAA15-507E-C1D6-F53F-88D737B11039</keyObject>
<referredKeyID>9EADAA15-507E-C1D6-F53F-88D737B11039</referredKeyID>
<mandatory>true</mandatory>
<refColNames>ID_Orden</refColNames>
<transferable>true</transferable>
<rely>false</rely>
<columnDependencyConstraintGenerateInDDL>true</columnDependencyConstraintGenerateInDDL>
</FKIndexAssociation>