<?xml version = '1.0' encoding = 'UTF-8'?>
<FKIndexAssociation class="oracle.dbtools.crest.model.design.relational.FKIndexAssociation" directorySegmentName="seg_0" id="A7F7009F-117C-39BE-155E-755B19745B3B" containerWithKeyObject="697124A7-5C53-D40B-B149-ACF7E853DA94" localFKIndex="46DB7F95-2C8D-757D-7F4A-8F3E9A6C6430" name="Vehiculo_Cliente_FK">
<createdBy>sd</createdBy>
<createdTime>2024-09-17 00:22:25 UTC</createdTime>
<generatorID>8BA15279-2D5D-ECCE-FABC-24CF336FC2B5</generatorID>
<ownerDesignName>EXP2_S6_Cesar_lynch..</ownerDesignName>
<referredTableLongName>Cliente</referredTableLongName>
<deleteRule>NO ACTION</deleteRule>
<referredTableID>AE6F5FC5-010B-24F7-E491-E78CAC7A79F1</referredTableID>
<keyObject>8777949A-4E27-7F71-B489-ED17D0EEDCA4</keyObject>
<referredKeyID>8777949A-4E27-7F71-B489-ED17D0EEDCA4</referredKeyID>
<mandatory>true</mandatory>
<refColNames>ID_Cliente</refColNames>
<transferable>true</transferable>
<rely>false</rely>
<columnDependencyConstraintGenerateInDDL>true</columnDependencyConstraintGenerateInDDL>
</FKIndexAssociation>