<?xml version = '1.0' encoding = 'UTF-8'?>
<FKIndexAssociation class="oracle.dbtools.crest.model.design.relational.FKIndexAssociation" directorySegmentName="seg_0" id="CD815ECD-A234-100E-B45A-0B30DCF2D875" containerWithKeyObject="2A2C08F0-1BC2-516F-D55C-27F496D573E9" localFKIndex="A4739972-75B5-66E7-49CD-664C74DE05CB" name="Orden_Servicio_Vehiculo_FK">
<createdBy>sd</createdBy>
<createdTime>2024-09-17 00:22:25 UTC</createdTime>
<generatorID>FEC29C66-E5F3-F0B3-6EE4-35695FDD6DD2</generatorID>
<ownerDesignName>EXP2_S6_Cesar_lynch..</ownerDesignName>
<referredTableLongName>Vehiculo</referredTableLongName>
<deleteRule>NO ACTION</deleteRule>
<referredTableID>697124A7-5C53-D40B-B149-ACF7E853DA94</referredTableID>
<keyObject>8A32F62D-C8E7-6206-516E-CCC65EA6564F</keyObject>
<referredKeyID>8A32F62D-C8E7-6206-516E-CCC65EA6564F</referredKeyID>
<mandatory>true</mandatory>
<refColNames>ID_Vehiculo</refColNames>
<transferable>true</transferable>
<rely>false</rely>
<columnDependencyConstraintGenerateInDDL>true</columnDependencyConstraintGenerateInDDL>
</FKIndexAssociation>